{
    "date_range": {
        "from_date" :"2020-01-05",
        "to_date" : "2020-05-10"
    },
	"event_properties" : [],
	"post_per_month": {
		"event_id":  0,
		"fun" : "count(*)",
		"measwin" : 4,
		"quotwin" : 4,
		"sql" : "metric_over_period"
	},
	"newfriend_per_month": {
		"event_id":  1,
		"fun" : "count(*)",
		"measwin" : 4,
		"quotwin" : 4,
		"sql" : "metric_over_period"
	},
	"like_per_month": {
		"event_id":  2,
		"fun" : "count(*)",
		"measwin" : 4,
		"quotwin" : 4,
		"sql" : "metric_over_period"
	},
	"adview_per_month": {
		"event_id":  3,
		"fun" : "count(*)",
		"measwin" : 4,
		"quotwin" : 4,
		"sql" : "metric_over_period"
	},
	"dislike_per_month": {
		"event_id":  4,
		"fun" : "count(*)",
		"measwin" : 4,
		"quotwin" : 4,
		"sql" : "metric_over_period"
	},
	"unfriend_per_month": {
		"event_id":  5,
		"fun" : "count(*)",
		"measwin" : 4,
		"quotwin" : 4,
		"sql" : "metric_over_period"
	},
	"message_per_month": {
		"event_id":  6,
		"fun" : "count(*)",
		"measwin" : 4,
		"quotwin" : 4,
		"sql" : "metric_over_period"
	},
	"reply_per_month": {
		"event_id":  7,
		"fun" : "count(*)",
		"measwin" : 4,
		"quotwin" : 4,
		"sql" : "metric_over_period"
	},
	"unfriend_per_month_qtrwin": {
		"event_id":  5,
		"fun" : "count(*)",
		"measwin" : 13,
		"quotwin" : 4,
		"sql" : "metric_over_period"
	},
    "unfriend_per_dislike" : {
        "sql" : "metric_ratio",
        "num_metric" : "unfriend_per_month_qtrwin",
        "den_metric" : "dislike_per_month",
        "fill_val" : 0
    },
    "unfriend_per_post" : {
        "sql" : "metric_ratio",
        "num_metric" : "unfriend_per_month_qtrwin",
        "den_metric" : "post_per_month",
        "fill_val" : 0
    },
    "unfriend_per_newfriend" : {
        "sql" : "metric_ratio",
        "num_metric" : "unfriend_per_month_qtrwin",
        "den_metric" : "newfriend_per_month",
        "fill_val" : 0
    },

    "adview_per_message" : {
        "sql" : "metric_ratio",
        "num_metric" : "adview_per_month",
        "den_metric" : "message_per_month",
        "fill_val" : 0
    },
    "adview_per_post" : {
        "sql" : "metric_ratio",
        "num_metric" : "adview_per_month",
        "den_metric" : "post_per_month",
        "fill_val" : 0
    },
    "adview_per_newfriend" : {
        "sql" : "metric_ratio",
        "num_metric" : "adview_per_month",
        "den_metric" : "newfriend_per_month",
        "fill_val" : 0
    },
    "total_opinions" : {
        "sql" : "metric_total",
        "metric_names" : "'like_per_month','dislike_per_month'"
    },
    "dislike_percent" : {
        "sql" : "metric_ratio",
        "num_metric" : "dislike_per_month",
        "den_metric" : "total_opinions",
        "fill_val" : 0
    },
	"account_tenure": {
	    "sql" : "metric_tenure"
	}
}
