{
	"account_tenure": {
	    "sql" : "metric_tenure"
	},
	"mrr": {
		"sql" : "metric_subscription_mrr"
	},
	"billing_period": {
		"sql" : "metric_subscription_billperiod"
	},
	"num_units": {
		"sql" : "metric_subscription_unit_quantity",
		"unit" : "Each"
	},
	"Scaled_Sum_PerMonth": {
		"event_id":  1,
		"fun" : "sum(event_field)",
		"measwin" : 13,
		"quotwin" : 4,
		"minten" : 14,
		"sql" : "metric_over_period_tenscale"
	},
	"Scaled_Count_PerMonth": {
		"event_id":  2,
		"fun" : "count(*)",
		"measwin" : 13,
		"quotwin" : 4,
		"minten" : 14,
		"sql" : "metric_over_period_tenscale"
	},
	"Unscaled_Avg_OverQuarter": {
		"event_id":  3,
		"fun" : "avg(event_field)",
		"measwin" : 13,
		"sql" : "metric_over_period"
	}
}